{
  "accuracy": 0.25,
  "macro_f1": 0.16666666666666666,
  "weighted_f1": 0.16666666666666666,
  "confusion_matrix": [
    [
      0,
      0,
      1,
      0
    ],
    [
      0,
      0,
      1,
      0
    ],
    [
      0,
      0,
      0,
      1
    ],
    [
      0,
      0,
      0,
      1
    ]
  ],
  "classification_report": {
    "肉瘤类": {
      "precision": 0.0,
      "recall": 0.0,
      "f1-score": 0.0,
      "support": 1.0
    },
    "良性神经源性肿瘤": {
      "precision": 0.0,
      "recall": 0.0,
      "f1-score": 0.0,
      "support": 1.0
    },
    "副神经节瘤": {
      "precision": 0.0,
      "recall": 0.0,
      "f1-score": 0.0,
      "support": 1.0
    },
    "淋巴瘤": {
      "precision": 0.5,
      "recall": 1.0,
      "f1-score": 0.6666666666666666,
      "support": 1.0
    },
    "accuracy": 0.25,
    "macro avg": {
      "precision": 0.125,
      "recall": 0.25,
      "f1-score": 0.16666666666666666,
      "support": 4.0
    },
    "weighted avg": {
      "precision": 0.125,
      "recall": 0.25,
      "f1-score": 0.16666666666666666,
      "support": 4.0
    }
  }
}