epoch,train_loss,train_accuracy
1,1.0500308549081958,0.6756756756756757
2,0.7240636829991598,0.7567567567567568
3,0.5229823351208422,0.8108108108108109
4,0.27329217088786334,0.8918918918918919
5,0.05918780456586565,1.0
6,0.007986526458045921,1.0
7,0.0022443238171084936,1.0
8,0.0014496766757597594,1.0
9,0.0010395786215470965,1.0
10,0.0008030002719425358,1.0
