epoch,train_loss,train_accuracy
1,1.1482577404460392,0.5405405405405406
2,0.8068214373008625,0.7567567567567568
3,0.8048913221101504,0.7567567567567568
