run,num_rows,clinical4_accuracy,clinical4_balanced_accuracy,clinical4_macro_f1,clinical4_top2_accuracy,binary_accuracy,binary_balanced_accuracy,binary_macro_f1,binary_risk_recall,binary_benign_recall
seed_20260708,179,0.5921787709497207,0.5321527777777778,0.5290720038466161,0.8156424581005587,0.8491620111731844,0.7248086734693877,0.7332339791356184,0.9183673469387755,0.53125
seed_20260709,179,0.5977653631284916,0.5594444444444444,0.5551968697083354,0.8100558659217877,0.8212290502793296,0.7078018707482994,0.7027812370278124,0.8843537414965986,0.53125
seed_20260710,179,0.5195530726256983,0.4564236111111111,0.45687492388259654,0.7821229050279329,0.7821229050279329,0.6350977891156462,0.6334470989761092,0.8639455782312925,0.40625
seed_20260711,179,0.5642458100558659,0.48236111111111113,0.47255941171195404,0.7932960893854749,0.8044692737430168,0.6364795918367347,0.6448614024148291,0.8979591836734694,0.375
seed_20260712,179,0.5921787709497207,0.4947222222222222,0.49517523437210287,0.8044692737430168,0.7932960893854749,0.6296768707482994,0.6344317491858475,0.8843537414965986,0.375
