epoch,train_loss,train_accuracy
1,0.5882061342450917,0.7543859649122807
2,0.3148827505592316,0.9122807017543859
3,0.22398266093366323,0.9298245614035088
4,0.0028798484578912487,1.0
5,0.0009957939576196893,1.0
6,0.0006191759044556596,1.0
7,0.00043456225037979284,1.0
8,0.00032281605921637315,1.0
9,0.0002496648067279781,1.0
10,0.00020074894191486492,1.0
