epoch,train_loss,train_accuracy
1,1.0505345703379527,0.6756756756756757
2,0.779157579750628,0.7567567567567568
3,0.6183278587822979,0.8108108108108109
4,0.3951362404921973,0.8378378378378378
5,0.12593963079318102,1.0
6,0.019398198228618886,1.0
7,0.005177028028442323,1.0
8,0.003336021794254791,1.0
9,0.0024478193814944905,1.0
10,0.0019067284795439903,1.0
