epoch,train_loss,train_accuracy
1,1.1482577404460392,0.5405405405405406
2,0.8068214373008625,0.7567567567567568
3,0.8048913221101504,0.7567567567567568
4,0.7869162096365078,0.7567567567567568
5,0.7866988749922933,0.7567567567567568
6,0.7874276690386437,0.7567567567567568
7,0.7673060745000839,0.7567567567567568
8,0.7496634004889308,0.7567567567567568
9,0.7372177738595653,0.7567567567567568
10,0.730394945354075,0.7567567567567568
